ProviderName,Chelsea Under 3 Mbps,Chelsea Over 3 Mbps,Percent Under 3,Percent Over 3
AT&T US - 7018,1.0,9.0,0.1,0.9
"Cogent Communications, Inc.",4.0,3.0,0.5714285714285714,0.42857142857142855
Comcast,592.0,2648.0,0.18271604938271604,0.817283950617284
Comcast - New England,6.0,35.0,0.14634146341463414,0.8536585365853658
DSCI,1.0,,,
Lightower Fiber Networks,3.0,5.0,0.375,0.625
Lumen AS209,1.0,10.0,0.09090909090909091,0.9090909090909091
Massachusetts Institute of Technology,2.0,5.0,0.2857142857142857,0.7142857142857143
Nitel,3.0,3.0,0.5,0.5
T-Mobile USA,978.0,1167.0,0.45594405594405596,0.544055944055944
Verizon,96.0,2.0,0.9795918367346939,0.02040816326530612
Broadview Networks,,3.0,,
CELLCO,,1.0,,
Windstream Communications,,5.0,,
