ProviderName,Chelsea Under 25 Mbps,Chelsea Over 25 Mbps,Percent Under 25,Percent Over 25
CELLCO,89,32.0,0.7355371900826446,0.2644628099173554
Comcast,1603,4477.0,0.2636513157894737,0.7363486842105263
Comcast - New England,8,9.0,0.47058823529411764,0.5294117647058824
Lumen AS 3356,1,2.0,0.3333333333333333,0.6666666666666666
Starry,1,5.0,0.16666666666666666,0.8333333333333334
T-Mobile USA,1988,960.0,0.6743554952510177,0.3256445047489824
Verizon,75,4.0,0.9493670886075949,0.05063291139240506
Windstream Communications,1,,,
