ProviderName,Everett Under 3 Mbps,Everett Over 3 Mbps,Percent Under 3,Percent Over 3
AT&T US - 7018,10.0,29,0.2564102564102564,0.7435897435897436
CELLCO,43.0,24,0.6417910447761194,0.3582089552238806
Comcast,465.0,2481,0.15784114052953158,0.8421588594704684
GTT Communications (AS3257),2.0,8,0.2,0.8
Lightower Fiber Networks,8.0,81,0.0898876404494382,0.9101123595505618
Lumen AS209,2.0,2,0.5,0.5
Markley Cloud Services,2.0,7,0.2222222222222222,0.7777777777777778
RCN,186.0,1962,0.08659217877094973,0.9134078212290503
T-Mobile USA,1403.0,1837,0.4330246913580247,0.5669753086419753
Verizon,7.0,17,0.2916666666666667,0.7083333333333334
Windstream Communications,3.0,9,0.25,0.75
XO Communications,8.0,31,0.20512820512820512,0.7948717948717948
"Bigleaf Networks, Inc.",,14,,
Consolidated Communications - NNE,,2,,
Massachusetts Institute of Technology,,4,,
TierPoint Boston,,1,,
