ProviderName,Everett Under 3 Mbps,Everett Over 3 Mbps,Percent Under 3,Percent Over 3
AT&T US - 7018,1.0,,,
CELLCO,35.0,33.0,0.5147058823529411,0.4852941176470588
"Cogent Communications, Inc.",2.0,7.0,0.2222222222222222,0.7777777777777778
Comcast,518.0,4110.0,0.11192739844425238,0.8880726015557476
Markley Cloud Services,4.0,19.0,0.17391304347826086,0.8260869565217391
RCN,62.0,1039.0,0.05631244323342416,0.9436875567665758
SES Networks,1.0,1.0,0.5,0.5
T-Mobile USA,1263.0,1779.0,0.4151873767258383,0.5848126232741617
Verizon,118.0,48.0,0.7108433734939759,0.2891566265060241
Boston GigaPoP,,3.0,,
Lightower Fiber Networks,,13.0,,
Nitel,,31.0,,
TelePacific Communications,,2.0,,
Windstream Communications,,4.0,,
XO Communications,,2.0,,
