ProviderName,Everett Under 25 Mbps,Everett Over 25 Mbps,Percent Under 25,Percent Over 25
Boston GigaPoP,4.0,,,
CELLCO,43.0,27.0,0.6142857142857143,0.38571428571428573
"Cogent Communications, Inc.",3.0,6.0,0.3333333333333333,0.6666666666666666
Comcast,1242.0,3659.0,0.2534176698632932,0.7465823301367068
Lightower Fiber Networks,6.0,7.0,0.46153846153846156,0.5384615384615384
Markley Cloud Services,5.0,18.0,0.21739130434782608,0.782608695652174
RCN,389.0,737.0,0.34547069271758435,0.6545293072824157
SES Networks,2.0,,,
T-Mobile USA,2189.0,1037.0,0.6785492870427774,0.32145071295722255
Verizon,147.0,17.0,0.8963414634146342,0.10365853658536585
AT&T US - 7018,,1.0,,
Nitel,,31.0,,
TelePacific Communications,,3.0,,
Windstream Communications,,4.0,,
XO Communications,,2.0,,
