ProviderName,Everett Under 3 Mbps,Everett Over 3 Mbps,Percent Under 3,Percent Over 3
Broadview Networks,1.0,,,
CELLCO,311.0,136.0,0.6957494407158836,0.3042505592841163
Charter Communications,10.0,15.0,0.4,0.6
"Cogent Communications, Inc.",2.0,5.0,0.2857142857142857,0.7142857142857143
Comcast,620.0,2454.0,0.20169160702667535,0.7983083929733247
Comcast - New England,4.0,27.0,0.12903225806451613,0.8709677419354839
"Deltacom, Inc.",2.0,4.0,0.3333333333333333,0.6666666666666666
Lightower Fiber Networks,6.0,29.0,0.17142857142857143,0.8285714285714286
RCN,36.0,279.0,0.11428571428571428,0.8857142857142857
Verizon,119.0,19.0,0.8623188405797102,0.13768115942028986
Lumen AS 3356,,7.0,,
Windstream Communications,,2.0,,
