ProviderName,Revere Under 3 Mbps,Revere Over 3 Mbps,Percent Under 3,Percent Over 3
CELLCO,21.0,23.0,0.4772727272727273,0.5227272727272727
Comcast,673.0,5356.0,0.11162713551169348,0.8883728644883065
Consolidated Communications - NNE,2.0,,,
HopOne Internet Corp.,1.0,3.0,0.25,0.75
Lumen AS 3356,2.0,8.0,0.2,0.8
RCN,148.0,2306.0,0.06030969845150774,0.9396903015484923
T-Mobile USA,615.0,1143.0,0.34982935153583616,0.6501706484641638
Verizon,231.0,8.0,0.9665271966527197,0.03347280334728033
XO Communications,1.0,7.0,0.125,0.875
Colleges of the Fenway,,3.0,,
Lightower Fiber Networks,,12.0,,
Windstream Communications,,4.0,,
Yahoo!,,1.0,,
