ProviderName,Revere Under 25 Mbps,Revere Over 25 Mbps,Percent Under 25,Percent Over 25
CELLCO,37.0,12.0,0.7551020408163265,0.24489795918367346
Comcast,1680.0,4648.0,0.26548672566371684,0.7345132743362832
Consolidated Communications - NNE,2.0,,,
HopOne Internet Corp.,3.0,1.0,0.75,0.25
Lightower Fiber Networks,5.0,7.0,0.4166666666666667,0.5833333333333334
Lumen AS 3356,5.0,7.0,0.4166666666666667,0.5833333333333334
RCN,614.0,1952.0,0.23928293063133282,0.7607170693686672
T-Mobile USA,1063.0,796.0,0.5718128025820334,0.4281871974179666
Verizon,235.0,8.0,0.9670781893004116,0.03292181069958848
XO Communications,2.0,6.0,0.25,0.75
Colleges of the Fenway,,3.0,,
Windstream Communications,,5.0,,
