ProviderName,Revere Under 3 Mbps,Revere Over 3 Mbps,Percent Under 3,Percent Over 3
Broadview Networks,1.0,,,
CELLCO,7.0,26.0,0.21212121212121213,0.7878787878787878
Comcast,1147.0,5522.0,0.17198980356875093,0.8280101964312491
Lightower Fiber Networks,6.0,59.0,0.09230769230769231,0.9076923076923077
Lumen AS 3356,1.0,7.0,0.125,0.875
Lumen AS209,1.0,1.0,0.5,0.5
Major League Baseball Advanced Media,1.0,19.0,0.05,0.95
Markley Cloud Services,7.0,7.0,0.5,0.5
Massachusetts Institute of Technology,1.0,1.0,0.5,0.5
RCN,138.0,1095.0,0.11192214111922141,0.8880778588807786
Starry,1.0,1.0,0.5,0.5
T-Mobile USA,651.0,870.0,0.4280078895463511,0.571992110453649
USAI.NET,1.0,6.0,0.14285714285714285,0.8571428571428571
Verizon,74.0,14.0,0.8409090909090909,0.1590909090909091
Windstream Communications,15.0,1.0,0.9375,0.0625
AT&T US - 7018,,11.0,,
"Cogent Communications, Inc.",,1.0,,
Comcast - New England,,6.0,,
