ProviderName,Revere Under 25 Mbps,Revere Over 25 Mbps,Percent Under 25,Percent Over 25
"Bigleaf Networks, Inc.",1.0,13.0,0.07142857142857142,0.9285714285714286
Broadview Networks,2.0,1.0,0.6666666666666666,0.3333333333333333
CELLCO,48.0,14.0,0.7741935483870968,0.22580645161290322
"Cogent Communications, Inc.",3.0,4.0,0.42857142857142855,0.5714285714285714
Comcast,2609.0,2677.0,0.49356791524782445,0.5064320847521756
DSCI,3.0,,,
Lightower Fiber Networks,3.0,10.0,0.23076923076923078,0.7692307692307693
Lumen AS 3356,14.0,1.0,0.9333333333333333,0.06666666666666667
Lumen AS209,1.0,4.0,0.2,0.8
North Atlantic Networks,2.0,,,
RCN,26.0,80.0,0.24528301886792453,0.7547169811320755
T-Mobile USA,1457.0,618.0,0.7021686746987952,0.2978313253012048
TelePacific Communications,3.0,,,
Verizon,270.0,8.0,0.9712230215827338,0.02877697841726619
Windstream Communications,4.0,1.0,0.8,0.2
XO Communications,43.0,35.0,0.5512820512820513,0.44871794871794873
AT&T US - 7018,,6.0,,
Massachusetts Institute of Technology,,2.0,,
USAI.NET,,1.0,,
